,name,artist,release_date,popularity,danceability,acousticness,danceability,energy,instrumentalness,liveness,loudness,speechiness,tempo,time_signature,valence
0,Always Like This,Bombay Bicycle Club,2009-01-01,0,0.659,0.441,0.659,0.591,0.000861,0.0862,-6.713,0.0313,121.14,4,0.707
1,How Can You Swallow So Much Sleep,Bombay Bicycle Club,2011-01-01,0,0.517,0.396,0.517,0.827,0.188,0.105,-6.616,0.0467,119.987,4,0.206
2,Shuffle,Bombay Bicycle Club,2011-01-01,0,0.634,0.298,0.634,0.934,0.00374,0.163,-4.824,0.0298,110.015,4,0.547
3,"Lights Out, Words Gone",Bombay Bicycle Club,2011-01-01,0,0.653,0.587,0.653,0.76,0.408,0.105,-7.301,0.0304,105.999,4,0.657
4,I Go I Go I Go,Wave Machines,2009-06-14,0,0.769,0.0481,0.769,0.696,0.374,0.0571,-5.118,0.0546,127.03,4,0.833
5,Clear Island,Liars,2007-08-20,0,0.512,0.254,0.512,0.741,7.14e-06,0.418,-6.816,0.081,132.983,4,0.338
6,Suburbia,Pet Shop Boys,1998-03-31,53,0.53,0.0403,0.53,0.873,0.000118,0.119,-10.572,0.0433,126.16,4,0.456
7,Man I Need,Jagwar Ma,2013-06-11,0,0.542,0.00856,0.542,0.946,5.38e-06,0.386,-6.307,0.0505,108.496,4,0.388
8,Frenchy I'm Faking,Architecture In Helsinki,2005-04-05,30,0.433,0.534,0.433,0.527,0.00741,0.265,-5.828,0.0615,169.092,4,0.518
9,I Wanna Get Better,Bleachers,2014-02-18,52,0.456,0.00266,0.456,0.891,7.99e-06,0.281,-7.004,0.106,190.024,4,0.385
10,Come Home,CHAPPO,2010-04-23,29,0.506,0.0098,0.506,0.925,0.163,0.0518,-2.475,0.0328,141.997,4,0.673
11,Pompeii,Bastille,2013-01-01,74,0.679,0.0755,0.679,0.715,0.0,0.271,-6.383,0.0407,127.435,4,0.571
12,Agora,Bear Hands,2014-01-28,0,0.735,0.179,0.735,0.582,0.0209,0.357,-5.159,0.0277,97.581,4,0.76
13,Time to Dance - Original Version,The Shoes,2012-10-22,0,0.606,0.0161,0.606,0.98,7.42e-05,0.456,-6.886,0.0603,143.989,4,0.771
14,Keys,Hooray For Earth,2014-05-06,0,0.568,0.00805,0.568,0.949,0.421,0.0854,-4.337,0.0744,87.48,4,0.646
15,Young Love (feat. Laura Marling),Mystery Jets,2008-03-21,55,0.63,0.141,0.63,0.942,2.12e-06,0.0958,-5.186,0.0869,136.155,4,0.753
16,Teenage Rhythm,GRMLN,2013-06-04,27,0.142,3.15e-06,0.142,0.894,0.805,0.284,-4.978,0.0571,172.594,4,0.391
17,Back To The Shack,Weezer,2014-07-22,0,0.435,0.00605,0.435,0.706,7.25e-05,0.119,-5.31,0.0428,171.913,4,0.658
18,Bitter Sweet Symphony,The Verve,2004-01-01,60,0.356,0.0339,0.356,0.913,0.0,0.221,-6.015,0.0499,171.157,4,0.537
19,"Yoshimi Battles the Pink Robots, Pt. 1",The Flaming Lips,2002-05-13,60,0.555,0.337,0.555,0.902,0.0,0.152,-7.918,0.0958,156.108,4,0.62
20,Australia,The Shins,2007-01-23,0,0.434,0.00442,0.434,0.842,0.000142,0.308,-4.468,0.038,169.935,4,0.838
21,Heavy Metal Drummer,Wilco,2002-04-16,57,0.661,0.0257,0.661,0.66,0.00977,0.256,-9.061,0.0373,120.617,4,0.814
22,Oxford Comma,Vampire Weekend,2008-01-29,5,0.694,0.114,0.694,0.711,0.00124,0.0433,-4.237,0.0517,119.516,4,0.974
23,Cut Your Hair (Remastered),Pavement,2010-03-09,0,0.469,0.00554,0.469,0.825,0.00199,0.133,-6.612,0.0319,110.839,4,0.659
24,"July, July!",The Decemberists,2002-05-21,0,0.27,0.0204,0.27,0.878,4.26e-06,0.142,-5.645,0.0696,123.01,4,0.495
25,Rill Rill,Sleigh Bells,2010-05-21,43,0.483,0.0356,0.483,0.804,1.6e-06,0.0736,-3.452,0.0501,73.048,4,0.811
26,House of Gold,Twenty One Pilots,2013-01-08,70,0.68,0.445,0.68,0.693,0.0,0.208,-7.234,0.0435,114.948,4,0.851
27,Primavera Now,Tunacola,2013-07-22,0,0.6,0.245,0.6,0.71,0.0,0.0875,-5.893,0.0837,90.171,4,0.908
28,West Coast,Coconut Records,2007-04-17,0,0.531,0.399,0.531,0.582,6.01e-05,0.0541,-6.363,0.0259,80.046,1,0.357
29,Bad Kids,Black Lips,2007-09-11,0,0.352,0.0493,0.352,0.796,0.0,0.226,-7.109,0.0374,204.225,4,0.924
30,Zombie,Jamie T,2014-09-09,0,0.546,0.0135,0.546,0.911,0.0,0.493,-4.639,0.0729,145.205,4,0.678
31,Brill Bruisers,The New Pornographers,2014-08-25,0,0.418,0.041,0.418,0.92,0.0,0.251,-4.663,0.0392,160.133,4,0.725
32,Salad Days,Mac DeMarco,2014-04-01,65,0.43,0.0876,0.43,0.771,0.0239,0.121,-7.176,0.0375,201.001,4,0.772
33,Trátame Suavemente - Remasterizado 2007,Soda Stereo,2007-06-28,57,0.738,0.0401,0.738,0.789,0.0647,0.632,-4.009,0.0283,122.852,4,0.539
34,The Beatles,Devendra Banhart,2005-09-19,0,0.543,0.891,0.543,0.426,0.000248,0.168,-11.389,0.0549,118.814,4,0.499
35,Santa Maria de Feira,Devendra Banhart,2005-09-19,0,0.542,0.933,0.542,0.377,0.319,0.15,-12.211,0.033,107.113,4,0.729
36,The Sweetest Thing,Camera Obscura,2009-04-20,4,0.395,0.046,0.395,0.823,9.38e-06,0.234,-4.42,0.0404,126.38,4,0.632
37,French Navy,Camera Obscura,2009-04-20,3,0.434,0.0105,0.434,0.853,0.0,0.214,-4.05,0.0432,136.997,4,0.668
38,High and Dry,Radiohead,2008-04-07,0,0.418,0.0718,0.418,0.383,0.0177,0.0896,-11.782,0.0257,87.773,4,0.352
39,5 Years Time,Noah And The Whale,2008-01-01,0,0.803,0.416,0.803,0.55,0.0,0.085,-7.105,0.105,121.992,4,0.763
40,Estos Días,Alejandro y Maria Laura,2011,0,0.792,0.522,0.792,0.471,0.136,0.0878,-13.876,0.0473,120.097,4,0.449
41,Love,Zoé,2003-11-19,69,0.692,0.208,0.692,0.512,0.000994,0.077,-8.596,0.0354,79.003,4,0.739
42,1234,Feist,2007,0,0.707,0.219,0.707,0.483,2.46e-06,0.0871,-7.578,0.0475,109.938,4,0.638
43,What I'm Looking For,Brendan Benson,2005-03-22,0,0.524,0.00288,0.524,0.752,0.000182,0.132,-9.341,0.036,134.11,4,0.685
44,"Mahna, Mahna",Cake,2007-11-13,46,0.742,0.213,0.742,0.483,0.471,0.0733,-11.369,0.155,89.883,4,0.638
45,Friday I'm In Love,The Cure,1992-04-21,0,0.526,0.00126,0.526,0.763,6.75e-05,0.359,-12.663,0.0341,136.205,4,0.514
46,Creep,Radiohead,1993-04-23,0,0.532,0.00563,0.532,0.344,0.000473,0.115,-13.057,0.035,91.834,4,0.126
47,Young Chasers,Circa Waves,2014-01-01,0,0.413,0.000561,0.413,0.897,0.00354,0.224,-3.312,0.0452,91.939,4,0.34
48,Class Historian,BRONCHO,2014-09-16,0,0.571,0.23,0.571,0.975,0.8,0.397,-4.097,0.0515,158.175,4,0.966
49,Swimming Pool Blues,Miniature Tigers,2014-06-13,0,0.415,0.00613,0.415,0.812,6.68e-06,0.0988,-5.42,0.0377,160.052,4,0.388
50,Giraffe,Miniature Tigers,2008-09-16,16,0.695,0.159,0.695,0.621,0.0,0.43,-3.538,0.0636,125.89,4,0.787
51,New Slang,The Shins,2001-06-19,0,0.669,0.605,0.669,0.389,0.16,0.0905,-11.547,0.0306,130.015,4,0.649
52,Australia,The Shins,2007-01-23,0,0.434,0.00442,0.434,0.842,0.000142,0.308,-4.468,0.038,169.935,4,0.838
53,Phantom Limb,The Shins,2007-01-23,0,0.515,0.000585,0.515,0.871,0.0,0.0877,-4.113,0.0367,119.869,4,0.498
54,The Celibate Life,The Shins,2001-06-19,0,0.371,0.57,0.371,0.513,1.37e-05,0.375,-7.495,0.0294,100.893,3,0.545
55,Know Your Onion!,The Shins,2001-06-19,0,0.487,0.53,0.487,0.614,7.2e-05,0.143,-6.771,0.0569,137.406,4,0.61
56,Rebellion (Lies),Arcade Fire,2004-09-14,0,0.404,0.00687,0.404,0.941,0.61,0.288,-5.653,0.0341,127.14,4,0.725
57,Safe And Sound,Capital Cities,2014-01-01,0,0.656,0.000209,0.656,0.818,0.00432,0.104,-4.841,0.0319,117.945,5,0.765
58,Oh Oh Oh Oh Oh Oh Oh Oh,Say Hi,2009-03-03,0,0.725,0.239,0.725,0.672,0.137,0.0883,-9.95,0.0695,150.051,4,0.92
59,Harper Lee,Little Green Cars,2013-03-26,0,0.47,0.0422,0.47,0.697,4.77e-05,0.0939,-4.329,0.0323,129.675,4,0.402
60,We Are Waves,Beat!Beat!Beat!,2011-08-05,0,0.796,0.676,0.796,0.669,5.38e-05,0.145,-6.258,0.047,118.938,4,0.653
61,Too Short To Bide,Beat!Beat!Beat!,2011-08-05,0,0.621,0.266,0.621,0.8,2.17e-06,0.0881,-5.413,0.03,93.004,4,0.618
62,Deep Set Eyes,Reputante,2013-11-12,0,0.368,0.000212,0.368,0.809,0.294,0.348,-7.754,0.0365,170.039,4,0.792
63,Grítame,Various Artists,2013-11-18,0,0.437,0.000221,0.437,0.908,0.00886,0.146,-5.221,0.06,127.964,4,0.567
64,Here It Goes Again,OK Go,2005-01-01,66,0.537,0.000342,0.537,0.882,9.06e-05,0.12,-2.306,0.0403,145.729,4,0.81
65,This Too Shall Pass,OK Go,2010-10-15,42,0.43,5.07e-05,0.43,0.669,0.0105,0.121,-3.398,0.0448,160.001,4,0.417
66,The Great Escape,We Are Scientists,2005-01-01,46,0.472,0.000305,0.472,0.925,4.44e-06,0.0755,-4.57,0.0415,146.97,4,0.746
67,Range Life,Pavement,1994,0,0.554,0.0414,0.554,0.737,1.16e-05,0.182,-9.42,0.0292,112.803,4,0.713
68,Spit On A Stranger,Pavement,1999,0,0.276,0.2,0.276,0.534,0.283,0.117,-11.097,0.0424,162.96,4,0.42
69,Gold Soundz,Pavement,1994,0,0.451,0.0761,0.451,0.613,0.0,0.113,-9.414,0.0313,126.299,4,0.509
70,Shady Lane / J Vs. S,Pavement,1997,0,0.489,0.312,0.489,0.641,0.00107,0.226,-6.786,0.043,110.973,4,0.0905
71,License To Confuse,Sebadoh,1994,0,0.336,0.000184,0.336,0.885,0.196,0.35,-5.796,0.0417,136.379,4,0.874
72,Silence Kit,Pavement,1994,0,0.42,0.000176,0.42,0.452,4.43e-05,0.0931,-10.998,0.0271,102.821,4,0.175
73,Elevate Me Later,Pavement,1994,0,0.224,2.05e-05,0.224,0.674,0.0381,0.36,-9.385,0.0387,98.055,4,0.33
74,Stop Breathin',Pavement,1994,0,0.351,0.166,0.351,0.339,0.894,0.14,-13.645,0.0254,153.824,3,0.243
75,Here,Pavement,1992,0,0.527,0.848,0.527,0.397,0.022,0.117,-6.656,0.0353,92.527,4,0.266
76,Gigantic,Pixies,1988-08-22,0,0.614,0.234,0.614,0.679,0.0108,0.34,-12.571,0.0342,113.083,4,0.758
77,Velouria,Pixies,1990-08-13,1,0.488,0.00145,0.488,0.642,0.239,0.0817,-12.578,0.0319,124.624,4,0.523
78,No Me Importa Morir,El Otro Yo,2000-01-01,0,0.504,0.126,0.504,0.95,0.00273,0.273,-5.326,0.0654,151.225,4,0.575
79,Viajero,El Otro Yo,2010-01-24,0,0.514,0.164,0.514,0.927,0.0,0.677,-6.459,0.0397,146.085,4,0.548
80,La Música,El Otro Yo,1999,0,0.685,0.338,0.685,0.8,0.000753,0.0892,-7.078,0.0939,130.072,4,0.561
81,Waiting For October,Polaris,2002-01-01,28,0.352,0.00768,0.352,0.841,0.038,0.266,-8.003,0.0486,118.985,4,0.368
82,Summerbaby,Polaris,2002-01-01,24,0.538,0.00992,0.538,0.69,0.423,0.249,-8.852,0.0439,182.987,4,0.468
83,Two Weeks,Grizzly Bear,2009-05-24,69,0.537,0.289,0.537,0.712,0.00568,0.08,-5.597,0.0286,159.871,4,0.704
84,My Body,Young the Giant,2011,42,0.488,0.0011,0.488,0.909,1.02e-05,0.456,-6.591,0.0929,129.774,4,0.643
85,Time to Pretend,MGMT,2007-12-14,72,0.438,8.74e-05,0.438,0.94,0.0777,0.3,-3.249,0.0452,100.99,3,0.421
86,Float On,Modest Mouse,2004-04-05,72,0.649,0.013,0.649,0.888,2.23e-06,0.0888,-4.807,0.0293,100.975,4,0.553
87,Fluorescent Adolescent,Arctic Monkeys,2007-07-08,0,0.654,0.00146,0.654,0.828,0.000144,0.122,-5.377,0.0281,112.056,4,0.79
88,Plage,Crystal Fighters,2010-10-03,0,0.689,0.0869,0.689,0.83,0.0216,0.132,-6.423,0.0414,134.037,4,0.307
89,Another Sunny Day,Belle & Sebastian,2006,3,0.402,0.00292,0.402,0.776,0.0,0.0643,-5.408,0.0409,156.091,4,0.833
90,Pumpin Blood,Various Artists,2014-02-11,39,0.618,0.000469,0.618,0.848,0.522,0.189,-4.36,0.0279,118.998,4,0.413
91,Let's Dance to Joy Division,The Wombats,2007-11-05,65,0.397,0.00125,0.397,0.839,0.0,0.576,-6.674,0.102,116.947,4,0.764
92,Best Day Of My Life,American Authors,2014-01-01,79,0.673,0.0591,0.673,0.902,0.000262,0.0558,-2.392,0.0346,100.012,4,0.538
93,From The Sun,Unknown Mortal Orchestra,2013-10-22,30,0.483,0.0411,0.483,0.399,0.0112,0.0936,-13.652,0.0595,83.2,4,0.141
94,The Opposite of Afternoon,Unknown Mortal Orchestra,2013-02-05,40,0.529,0.779,0.529,0.574,0.188,0.205,-9.175,0.334,118.469,4,0.58
95,Swim and Sleep (Like a Shark),Unknown Mortal Orchestra,2013-10-22,35,0.766,0.124,0.766,0.806,0.171,0.119,-10.011,0.0403,123.509,4,0.76
96,Try Me out Sometime,BRONCHO,2013-05-21,44,0.451,0.00685,0.451,0.849,0.417,0.334,-6.832,0.031,87.156,3,0.346
97,Catamaran,Allah-Las,2012-10-28,0,0.564,0.00692,0.564,0.846,0.00175,0.0452,-5.897,0.0437,122.035,4,0.696
98,Better Than Mine,Allah-Las,2014-09-15,0,0.327,0.0736,0.327,0.756,0.536,0.126,-4.843,0.0311,186.33,4,0.948
99,Giants,Bear Hands,2014-02-18,0,0.467,0.00686,0.467,0.855,0.0126,0.0793,-5.485,0.114,184.087,4,0.425
100,If You Wanna,The Vaccines,2011-03-11,0,0.352,3.03e-05,0.352,0.866,2.92e-05,0.295,-3.274,0.0392,165.209,4,0.544
101,Mooncalf,Active Bird Community,2014-05-20,15,0.497,0.0517,0.497,0.824,0.00126,0.521,-5.616,0.0598,132.866,4,0.569
102,Cigarette Daydreams,Cage The Elephant,2013-10-04,0,0.637,0.0832,0.637,0.676,0.0,0.0819,-3.427,0.0262,113.94,4,0.275
103,Take It Or Leave It,Cage The Elephant,2013-10-04,0,0.702,0.0281,0.702,0.848,0.000252,0.0593,-3.019,0.0839,119.948,4,0.649
104,Post Break-Up Sex,The Vaccines,2011-03-11,0,0.402,7.32e-05,0.402,0.902,0.00465,0.261,-4.115,0.0469,136.883,4,0.569
105,The Man's Machine,Jamie T,2009-01-01,36,0.295,0.229,0.295,0.713,0.0,0.13,-6.129,0.0816,83.149,4,0.531
106,Alicia Quays,Jamie T,2007-01-01,31,0.865,0.324,0.865,0.567,0.0,0.176,-4.818,0.0555,89.983,4,0.676
107,The Dance Of The Young Professionals,Jamie T,2009-01-01,7,0.716,0.185,0.716,0.704,0.0,0.294,-5.1,0.0457,140.041,4,0.948
108,Sticks 'N' Stones,Jamie T,2009-01-01,61,0.545,0.0572,0.545,0.851,0.0,0.403,-3.569,0.0935,179.947,4,0.787
109,Just One of the Guys,Jenny Lewis,2014-05-30,29,0.325,0.00119,0.325,0.664,0.0,0.187,-4.45,0.0344,135.883,4,0.367
110,Be Good (RAC Remix),Tokyo Police Club,2007-10-30,34,0.592,0.00457,0.592,0.934,0.0283,0.07,-2.808,0.0509,105.517,4,0.615
111,Be Good,Tokyo Police Club,2006,0,0.478,0.000488,0.478,0.968,0.673,0.402,-3.763,0.0457,108.673,4,0.674
112,Your English Is Good,Tokyo Police Club,2008,0,0.608,0.00104,0.608,0.839,0.000728,0.124,-4.113,0.0484,121.22,4,0.722
113,Toy Guns,Tokyo Police Club,2014-03-24,0,0.529,0.00196,0.529,0.908,1.49e-06,0.124,-3.914,0.0349,150.992,4,0.681
114,Ya Hey,Vampire Weekend,2013-05-27,2,0.584,0.179,0.584,0.65,0.000283,0.0935,-6.481,0.0427,92.01,4,0.491
115,Jessica (feat. Ezra Koenig),Major Lazer,2013-03-15,0,0.635,0.178,0.635,0.495,0.576,0.118,-5.58,0.0433,84.033,4,0.306
116,Here Comes The Night Time,Arcade Fire,2013-01-01,0,0.446,0.0369,0.446,0.644,0.446,0.366,-7.849,0.0508,95.006,4,0.646
117,Flashbulb Eyes,Arcade Fire,2013-01-01,0,0.462,0.00212,0.462,0.921,0.241,0.701,-6.477,0.0691,171.434,4,0.81
118,Awful Sound (Oh Eurydice),Arcade Fire,2013-01-01,0,0.319,0.278,0.319,0.711,0.0994,0.0464,-7.819,0.0403,105.821,3,0.53
119,Work This Body,WALK THE MOON,2014-12-02,59,0.421,0.0283,0.421,0.831,0.0,0.464,-5.128,0.106,134.184,4,0.488
120,"10,000 Emerald Pools",BØRNS,2014-11-10,27,0.577,0.005,0.577,0.587,0.000348,0.0948,-5.361,0.0403,139.922,4,0.551
121,Riptide,MisterWives,2014-09-15,53,0.481,0.405,0.481,0.677,0.0,0.0647,-6.862,0.19,92.283,4,0.362
122,Good As New,Vacationer,2012-03-20,0,0.515,0.1,0.515,0.79,0.000266,0.192,-4.64,0.0665,94.992,4,0.641
123,Electric Love,BØRNS,2014-11-10,38,0.621,0.00448,0.621,0.853,0.0012,0.236,-6.537,0.0615,120.017,4,0.65
124,Beware the Dog,The Griswolds,2014-08-25,0,0.716,0.15,0.716,0.91,0.0,0.0796,-3.492,0.12,129.962,4,0.686
125,On the Road,Houndmouth,2013-06-04,1,0.394,0.165,0.394,0.59,2.77e-06,0.0742,-7.154,0.0559,176.981,4,0.689
126,The Breeze,Dr. Dog,2008-01-01,28,0.609,0.77,0.609,0.554,3.36e-05,0.672,-7.801,0.0395,90.098,4,0.28
127,The Way We Move,Langhorne Slim,2012-06-05,58,0.539,0.217,0.539,0.836,0.000168,0.303,-5.365,0.0654,135.596,4,0.759
128,Lose It (In The End),Mark Ronson,2010-09-21,33,0.659,0.0267,0.659,0.932,1.02e-06,0.069,-2.28,0.109,113.84,4,0.819
129,Off The Record,My Morning Jacket,2005-10-04,0,0.352,0.115,0.352,0.654,0.000213,0.31,-5.868,0.0315,139.335,4,0.509
130,Me and My Arrow,Harry Nilsson,1967,0,0.794,0.664,0.794,0.494,0.00265,0.212,-14.434,0.0337,91.566,4,0.962
131,King Of The Beach,Wavves,2010-11-15,0,0.367,0.000428,0.367,0.973,1.51e-05,0.37,-2.191,0.0985,170.043,4,0.617
132,Cameras,Matt and Kim,2010,0,0.549,0.0837,0.549,0.881,0.0,0.162,-4.894,0.0522,169.954,4,0.642
133,Life On Mars?,Seu Jorge,2005-01-01,47,0.655,0.899,0.655,0.146,0.0011,0.119,-16.69,0.0503,124.104,4,0.279
134,Feel,Bombay Bicycle Club,2014-02-04,0,0.641,0.015,0.641,0.928,0.0661,0.578,-4.372,0.0374,110.011,4,0.789
135,Luna,Bombay Bicycle Club,2014-02-04,0,0.582,0.0275,0.582,0.916,0.000331,0.149,-5.393,0.0478,121.988,4,0.386
136,It's Alright Now,Bombay Bicycle Club,2014-02-04,0,0.53,0.118,0.53,0.794,2.36e-06,0.151,-4.792,0.0353,124.997,3,0.618
137,Maps,The Front Bottoms,2011-09-06,35,0.64,0.00484,0.64,0.825,0.0,0.216,-4.336,0.0311,138.112,4,0.622
138,Looking Like You Just Woke Up,The Front Bottoms,2011-09-06,28,0.441,0.00921,0.441,0.95,2.44e-06,0.0813,-3.652,0.0803,178.104,4,0.743
139,Backstreet Lovers,The Crookes,2010-09-20,25,0.542,0.00972,0.542,0.613,0.0,0.0663,-10.723,0.078,184.973,4,0.875
140,Paris,Magic Man,2013-09-09,37,0.479,0.0269,0.479,0.868,0.0,0.0695,-5.367,0.0521,178.793,4,0.516
141,She Said,ALB,2014-10-13,19,0.641,0.0316,0.641,0.843,0.000687,0.0735,-2.649,0.041,94.942,4,0.879
142,Golden Chains,ALB,2014-10-13,34,0.691,0.0707,0.691,0.831,0.00585,0.0614,-4.0,0.0579,105.945,4,0.566
143,Ba Ba Baba Ba Ba Well Anyway,Oh No Ono,2005-02-18,0,0.485,0.000115,0.485,0.973,0.00127,0.335,-4.393,0.0561,97.566,4,0.65
144,Snowman,The Icicles,2004,0,0.48,0.0215,0.48,0.941,0.0,0.318,-2.433,0.0568,143.929,4,0.695
145,Class Of 2000,Amida,2007,0,0.35,0.145,0.35,0.782,0.00329,0.165,-8.445,0.0708,179.031,4,0.862
146,It Started In Naples,Amida,2007,0,0.534,0.342,0.534,0.891,0.000174,0.0355,-7.043,0.0558,96.193,4,0.96
147,High on Your Love,Kings Go Forth,2010-04-20,36,0.588,0.0142,0.588,0.701,4.83e-05,0.179,-3.208,0.0364,79.577,4,0.763
148,I Don't Believe You,The Thermals,2010-09-07,0,0.45,0.00114,0.45,0.97,0.000621,0.0819,-4.821,0.0568,162.792,4,0.83
149,Ocean's Deep,Born Ruffians,2013-04-16,0,0.641,0.000679,0.641,0.853,0.00628,0.0864,-5.669,0.0433,144.099,4,0.683
150,Cameras,Matt and Kim,2010,0,0.549,0.0837,0.549,0.881,0.0,0.162,-4.894,0.0522,169.954,4,0.642
151,Dear Prudence,Siouxsie and the Banshees,2002-01-01,0,0.44,0.013,0.44,0.798,0.000315,0.668,-8.948,0.0352,101.47,4,0.428
152,Weekend,Smith Westerns,2011-01-18,0,0.396,0.00106,0.396,0.864,0.0215,0.0726,-3.589,0.0309,153.883,4,0.817
153,Lonely One,Dresses,2014-12-15,0,0.864,0.568,0.864,0.53,0.000893,0.077,-8.478,0.0489,126.966,4,0.893
154,We the Common (For Valerie Bolden),Thao & The Get Down Stay Down,2013-01-29,0,0.665,0.319,0.665,0.562,0.000248,0.0716,-6.974,0.0482,90.053,4,0.601
155,Nobody Wants A Lonely Heart,Thao & The Get Down Stay Down,2014-11-18,0,0.453,0.0356,0.453,0.784,0.0441,0.308,-6.476,0.0328,141.623,4,0.702
156,"Beat (Health, Life & Fire)",Thao & The Get Down Stay Down,2014-10-01,0,0.456,0.284,0.456,0.861,0.273,0.926,-9.069,0.0353,134.744,4,0.762
157,Age Of Ice,Thao & The Get Down Stay Down,2014-10-01,0,0.437,0.0531,0.437,0.737,0.000611,0.702,-8.308,0.0726,121.629,3,0.526
158,City,Thao & The Get Down Stay Down,2013-02-04,0,0.598,0.0303,0.598,0.839,7.92e-05,0.17,-6.674,0.0408,104.789,4,0.394
159,We Don't Call,Thao & The Get Down Stay Down,2013-02-04,0,0.674,0.204,0.674,0.531,0.00718,0.106,-7.587,0.101,80.683,4,0.85
160,The Feeling Kind,Thao & The Get Down Stay Down,2013-02-04,0,0.653,0.399,0.653,0.584,0.0006,0.106,-6.714,0.0289,94.882,4,0.801
161,Holy Roller,Thao & The Get Down Stay Down,2013-02-04,0,0.73,0.0759,0.73,0.59,0.000106,0.088,-6.26,0.075,83.386,4,0.144
162,The Day Long,Thao & The Get Down Stay Down,2013-02-04,0,0.849,0.525,0.849,0.438,0.391,0.0853,-11.117,0.0423,114.135,4,0.786
163,Every Body,Thao & The Get Down Stay Down,2013-02-04,0,0.761,0.0355,0.761,0.625,0.252,0.153,-6.951,0.0317,132.66,4,0.932
164,Move,Thao & The Get Down Stay Down,2013-02-04,0,0.528,0.111,0.528,0.563,7.51e-05,0.347,-7.528,0.0342,69.332,4,0.297
165,Human Heart,Thao & The Get Down Stay Down,2013-02-04,0,0.423,0.171,0.423,0.506,3.37e-06,0.118,-4.555,0.0311,113.747,3,0.695
166,There Was An Old Lady Who Swallowed A Fly,Thao,2014-07-22,0,0.743,0.464,0.743,0.627,0.0,0.239,-8.802,0.054,137.948,4,0.776
167,Excuses,The Morning Benders,2010,2,0.438,0.365,0.438,0.806,0.0551,0.237,-5.717,0.0395,96.156,3,0.489
168,Despite What You've Been Told,Two Gallants,2007-09-25,40,0.553,0.00141,0.553,0.821,0.0,0.077,-4.961,0.0314,151.32,4,0.622
169,Like a River Runs,Bleachers,2014-06-23,24,0.56,0.0139,0.56,0.866,0.0813,0.0974,-7.327,0.0755,119.986,4,0.336
170,Crushing Limbs,Anni Rossi,2010-09-07,6,0.931,0.554,0.931,0.593,0.0237,0.0988,-8.973,0.0381,116.98,4,0.878
171,Heart And Soul,Twin Atlantic,2014-05-25,0,0.398,0.000534,0.398,0.809,0.0,0.0931,-4.179,0.068,177.909,4,0.627
172,Feels Like We Only Go Backwards,Tame Impala,2012-01-01,0,0.291,0.0276,0.291,0.897,0.65,0.116,-2.32,0.0542,150.185,4,0.555
173,Qué bonito,Bomba Estéreo,2014-04-01,0,0.633,0.000703,0.633,0.944,0.00722,0.125,-5.549,0.0513,133.99,4,0.762
174,Sirens,Satellite Stories,2012-08-17,0,0.343,0.0019,0.343,0.916,0.0,0.15,-3.841,0.086,158.176,4,0.452
175,Heaven,Popstrangers,2012,0,0.169,0.000436,0.169,0.604,0.0147,0.295,-7.884,0.0396,213.749,4,0.604
176,Don't Forget Who You Are,Miles Kane,2013-04-10,39,0.462,0.000732,0.462,0.953,1e-05,0.0905,-2.28,0.0361,93.986,4,0.387
177,Itchin' on a Photograph,Grouplove,2011-09-02,53,0.501,0.137,0.501,0.877,0.0,0.309,-6.369,0.0484,96.993,4,0.268
178,Colours,Grouplove,2011-09-02,59,0.529,0.0211,0.529,0.83,0.0,0.0983,-5.428,0.0397,93.933,4,0.318
179,Your Wildest Dreams,The Moody Blues,1986-01-01,0,0.534,0.289,0.534,0.582,0.0338,0.283,-15.997,0.0374,141.362,4,0.653
180,My Type,Saint Motel,2014-06-17,65,0.596,0.0641,0.596,0.897,5.24e-05,0.0628,-2.94,0.0462,118.0,4,0.578
181,Spun,Grouplove,2011-09-02,39,0.424,0.00262,0.424,0.851,2.21e-05,0.232,-6.143,0.0385,155.018,4,0.397
182,Sandstorm,Popstrangers,2014-05-26,0,0.435,0.0455,0.435,0.6,5.7e-06,0.112,-6.416,0.0296,105.057,4,0.153
183,Country Kills,Popstrangers,2014-05-26,0,0.499,0.00568,0.499,0.645,0.0,0.242,-5.812,0.0377,131.01,4,0.781
184,Don't Be Afraid,Popstrangers,2014-05-26,0,0.582,0.146,0.582,0.73,5.23e-05,0.078,-6.292,0.0434,167.146,4,0.667
185,First Day Of My Life,Bright Eyes,2005-01-25,69,0.602,0.915,0.602,0.201,8.28e-05,0.0952,-17.024,0.0363,95.345,4,0.385
186,At The Bottom Of Everything,Bright Eyes,2005-01-25,48,0.495,0.665,0.495,0.46,0.0,0.325,-11.221,0.0897,107.325,4,0.822
187,Road To Joy,Bright Eyes,2005-01-25,47,0.321,0.032,0.321,0.591,0.0017,0.115,-8.568,0.0302,146.658,4,0.122
188,Devil Town,Bright Eyes,2006-10-24,40,0.197,0.164,0.197,0.53,7.4e-05,0.25,-8.456,0.0404,71.996,3,0.357
189,L.I.F.E.G.O.E.S.O.N.,Noah And The Whale,2011-01-01,0,0.605,0.226,0.605,0.737,0.0,0.314,-5.742,0.0389,81.999,4,0.583
190,Killamangiro,Babyshambles,2005-11-14,1,0.469,0.0353,0.469,0.9,0.00404,0.215,-4.254,0.0551,108.971,4,0.453
191,What Katy Did Next,Babyshambles,2005-11-14,0,0.548,0.0153,0.548,0.587,0.000103,0.118,-6.112,0.0368,135.894,4,0.474
192,The 32nd Of December,Babyshambles,2005-11-14,0,0.529,0.0299,0.529,0.792,0.0,0.0888,-5.054,0.0383,121.467,4,0.675
193,Woman,Wolfmother,2006-01-01,0,0.219,5.1e-05,0.219,0.952,0.0989,0.157,-3.621,0.176,112.886,1,0.172
194,Tere Mere Saath,Lucky Ali,2000-10-13,43,0.615,0.0508,0.615,0.744,0.252,0.309,-6.176,0.0267,90.036,4,0.715
195,Campus,Vampire Weekend,2008-01-27,11,0.637,0.22,0.637,0.704,0.0872,0.0849,-5.818,0.0658,162.959,4,0.645
196,Radar Detector,Darwin Deez,2009,51,0.749,0.102,0.749,0.714,0.00794,0.173,-5.055,0.199,96.515,4,0.782
197,Harlem,New Politics,2013-05-17,60,0.603,0.00189,0.603,0.952,0.000445,0.317,-3.699,0.0947,133.97,4,0.588
198,Yeah Yeah Yeah,New Politics,2010-07-12,45,0.564,0.00188,0.564,0.992,0.0,0.0423,-1.735,0.26,130.082,4,0.358
199,Dignity,New Politics,2010-07-12,37,0.387,0.061,0.387,0.975,0.0,0.133,-2.219,0.0984,181.843,4,0.294
200,The Walker,Fitz and The Tantrums,2013-05-07,55,0.77,0.00375,0.77,0.801,0.00281,0.0515,-4.182,0.0336,130.76,4,0.725
201,Trojans,Atlas Genius,2013-02-18,61,0.721,0.0113,0.721,0.822,7.01e-05,0.0898,-4.843,0.0391,140.002,4,0.536
202,You & I,Crystal Fighters,2013-04-23,0,0.581,0.0579,0.581,0.663,2.24e-06,0.102,-8.247,0.0388,139.898,4,0.433
203,Call It What You Want,Foster The People,2011-05-23,62,0.641,0.0483,0.641,0.967,0.000276,0.442,-4.289,0.0601,113.017,4,0.725
204,Take It Or Leave It,Cage The Elephant,2013-10-04,0,0.702,0.0281,0.702,0.848,0.000252,0.0593,-3.019,0.0839,119.948,4,0.649
205,Step,Vampire Weekend,2013-05-27,7,0.624,0.591,0.624,0.724,7.79e-06,0.101,-7.113,0.101,78.008,4,0.624
206,Champion Sound - Alt. Version,Crystal Fighters,2010-10-03,0,0.679,0.021,0.679,0.729,6.28e-06,0.197,-6.434,0.112,122.014,4,0.624
207,Excuses,The Morning Benders,2010,2,0.438,0.365,0.438,0.806,0.0551,0.237,-5.717,0.0395,96.156,3,0.489
208,Gangsta,Tune-Yards,2011-04-18,1,0.698,0.0983,0.698,0.758,0.0251,0.79,-6.841,0.086,101.973,4,0.311
209,Doctors & Dealers,Dirty Pretty Things,2006-01-01,24,0.422,0.00144,0.422,0.981,0.0,0.108,-2.221,0.0809,119.784,4,0.471
210,Summertime Clothes,Animal Collective,2009-01-10,0,0.492,0.00178,0.492,0.873,0.0,0.832,-5.512,0.093,136.017,4,0.323
211,Liar Liar,Cris Cab,2013-01-01,0,0.868,0.00849,0.868,0.582,0.00763,0.11,-7.852,0.0328,107.021,4,0.764
212,Continental Shelf,Preoccupations,2014-10-16,15,0.416,0.000638,0.416,0.908,0.926,0.159,-6.142,0.0509,114.464,4,0.599
213,Up The Down Escalator,The Chameleons,2008-05-26,21,0.416,0.00173,0.416,0.919,6.48e-05,0.125,-6.473,0.036,135.032,4,0.501
214,Same Jeans,The View,2007-01-15,30,0.484,0.00724,0.484,0.962,0.0,0.112,-3.64,0.044,134.63,4,0.611
215,Sexy In Latin,Little Man Tate,2006-01-01,0,0.258,0.0036,0.258,0.902,0.0,0.636,-3.996,0.0697,190.125,4,0.518
216,Boys Will Be Boys,Various Artists,2013-05-24,0,0.496,0.000667,0.496,0.939,0.0,0.104,-4.001,0.066,143.777,4,0.832
217,Life Will Be the Death of Me,The Ordinary Boys,2005-06-20,12,0.463,0.0472,0.463,0.859,0.0,0.0759,-5.214,0.0488,172.31,4,0.97
218,Happy as Annie - Master,Larrikin Love,2006-09-25,24,0.514,0.00438,0.514,0.945,0.0,0.0853,-4.495,0.0714,140.925,4,0.855
219,Six Queens - Vocal Up - Cenzo Mix,Larrikin Love,2006-09-25,15,0.474,0.0283,0.474,0.921,0.0,0.407,-3.542,0.0826,102.792,4,0.579
220,Edwould - Full Length Version,Larrikin Love,2006-09-25,12,0.341,0.0355,0.341,0.955,0.0,0.295,-2.29,0.0522,139.725,4,0.757
221,Downing Street Kindling - New Version,Larrikin Love,2006-09-25,10,0.37,0.0354,0.37,0.923,0.0,0.117,-4.051,0.0744,161.96,4,0.765
222,Meet Me by the Getaway Car - Vocal Up,Larrikin Love,2006-09-25,9,0.404,0.0835,0.404,0.895,0.0,0.0754,-4.651,0.0534,92.48,4,0.643
223,The Photos On My Wall,Good Shoes,2007,0,0.504,0.00684,0.504,0.921,0.0,0.287,-5.698,0.105,175.503,4,0.684
224,Under Control,Good Shoes,2010,0,0.665,0.00669,0.665,0.842,0.0,0.0899,-5.585,0.0723,144.982,4,0.854
225,The Way My Heart Beats,Good Shoes,2010,0,0.443,0.00311,0.443,0.941,0.0,0.099,-4.609,0.0594,185.127,4,0.793
226,I'm Not Gonna Teach Your Boyfriend How To Dance With You,Black Kids,2008-01-01,47,0.48,0.000304,0.48,0.929,0.0,0.366,-4.082,0.0476,125.321,4,0.799
227,22 Grand Job,The Rakes,2005-01-01,0,0.495,0.0194,0.495,0.947,0.0,0.591,-3.026,0.0631,162.5,4,0.861
228,Fire Dance,The Pan I Am,2009-06-22,0,0.396,0.000128,0.396,0.936,0.206,0.23,-4.021,0.0724,138.061,4,0.568
229,The Middle,Bosco Rogers,2014-11-10,26,0.633,0.00439,0.633,0.897,0.0436,0.2,-4.936,0.0312,115.009,4,0.883
230,Jailbird,Primal Scream,1994-03-28,0,0.582,0.00697,0.582,0.767,0.0229,0.108,-7.944,0.0652,100.498,4,0.623
231,Common People,Pulp,2002-01-01,0,0.311,0.00735,0.311,0.895,4.09e-05,0.0824,-4.854,0.0416,145.583,4,0.496
232,Disco 2000,Pulp,1995-10-30,0,0.567,0.0147,0.567,0.932,0.0,0.0484,-5.888,0.0759,133.074,4,0.55
233,Sorted For E's & Wizz,Pulp,1995-10-30,0,0.534,0.259,0.534,0.818,1.55e-06,0.358,-7.819,0.0536,93.851,4,0.489
234,Nobody's Empire,Belle & Sebastian,2015-01-19,0,0.573,0.0168,0.573,0.81,5.84e-06,0.0988,-6.917,0.0333,124.015,4,0.456
235,Valiumsvalsen,John Olav Nilsen & Gjengen,2009-09-14,0,0.383,0.0246,0.383,0.866,0.0,0.332,-3.052,0.0403,148.303,4,0.773
236,Diamanter Og Kirsebær,John Olav Nilsen & Gjengen,2009-09-14,0,0.416,0.359,0.416,0.599,0.0,0.433,-4.796,0.0327,110.547,4,0.226
237,Shut Up and Dance,WALK THE MOON,2014-12-02,81,0.578,0.00701,0.578,0.866,0.0,0.257,-3.804,0.0619,128.038,4,0.619
238,Snails,The Format,2006-07-11,0,0.682,0.0959,0.682,0.551,0.0612,0.301,-8.876,0.0246,93.997,4,0.586
239,The Feeling Kind,Thao & The Get Down Stay Down,2013-02-04,0,0.653,0.399,0.653,0.584,0.0006,0.106,-6.714,0.0289,94.882,4,0.801
240,This Charming Man - Single Version; 2008 Remaster,The Smiths,2008-11-11,49,0.592,0.00658,0.592,0.867,0.0,0.0818,-4.447,0.049,103.92,4,0.696
241,The Boy with the Thorn in His Side - Single Version; 2008 Remaster,The Smiths,2008-11-11,37,0.515,0.294,0.515,0.913,4.1e-05,0.359,-4.998,0.04,118.856,4,0.728
242,Ask - 2008 Remaster,The Smiths,2008-11-11,37,0.455,0.371,0.455,0.984,0.0,0.415,-5.729,0.121,166.599,4,0.589
243,Sheila Take a Bow - 2008 Remaster,The Smiths,2008-11-11,30,0.54,0.0497,0.54,0.864,2.44e-05,0.339,-3.737,0.0321,125.245,4,0.65
244,Can't Stand Me Now,The Libertines,2004,8,0.368,0.0111,0.368,0.935,0.00201,0.0948,-3.204,0.0587,164.425,4,0.558
245,Brilliant Disguise,Pipe Villarán,2014-10-06,0,0.611,0.376,0.611,0.609,1.02e-05,0.0625,-8.405,0.0325,122.005,4,0.536
246,Waterfall,The Stone Roses,1989-05-02,28,0.502,0.0347,0.502,0.52,0.404,0.284,-13.537,0.0283,103.711,4,0.585
247,Newborn,Set Sail,2014-08-18,0,0.553,0.00317,0.553,0.759,0.0293,0.156,-4.902,0.0268,128.98,4,0.27
248,The Boat Song,Set Sail,2011-04-26,19,0.498,0.226,0.498,0.972,0.0119,0.075,-3.032,0.0762,166.058,4,0.815
249,Charleston,Set Sail,2012-05-21,0,0.476,0.111,0.476,0.932,0.0,0.362,-4.342,0.0985,163.721,4,0.623
250,Rebellion (Lies),Arcade Fire,2005-02-28,0,0.4,0.00787,0.4,0.934,0.513,0.338,-5.696,0.0344,127.09,4,0.731
251,Second Chance,Peter Bjorn and John,2011-03-28,0,0.597,0.0177,0.597,0.964,0.00249,0.0697,-1.543,0.0849,132.762,4,0.788
252,Dashboard,Modest Mouse,2007-03-20,64,0.639,0.00963,0.639,0.903,7.06e-05,0.174,-5.013,0.0371,135.938,4,0.96
253,Fight Test,The Flaming Lips,2002-05-13,51,0.49,0.0404,0.49,0.985,1.77e-05,0.304,-2.386,0.0639,82.043,4,0.886
254,Can You Tell,Ra Ra Riot,2007,24,0.596,0.186,0.596,0.658,0.21,0.0999,-10.335,0.03,145.032,4,0.726
255,Wraith Pinned to the Mist and Other Games,of Montreal,2005-04-12,58,0.873,0.0282,0.873,0.582,0.0699,0.182,-9.901,0.047,122.005,4,0.77
256,Oh Euphoria,Keston Cobblers Club,2014-09-01,13,0.568,0.612,0.568,0.73,0.55,0.139,-8.36,0.0335,149.98,4,0.906
257,Guillotine,The Wombats,2011-08-05,32,0.402,0.00509,0.402,0.713,0.0,0.0956,-7.507,0.0567,124.357,4,0.307
258,Solitude Is Bliss,Tame Impala,2010-01-01,0,0.591,0.00971,0.591,0.847,0.000124,0.176,-4.963,0.0642,104.004,4,0.64
259,Your Girl,Kakkmaddafakka,2011-02-25,0,0.689,0.154,0.689,0.837,0.0,0.31,-4.498,0.0384,124.031,4,0.689
260,Self-Esteem,Kakkmaddafakka,2011-02-25,0,0.641,0.289,0.641,0.783,7.37e-05,0.339,-5.346,0.0323,126.984,4,0.762
261,Touching,Kakkmaddafakka,2011-02-25,0,0.504,0.00322,0.504,0.867,0.0,0.0379,-3.916,0.0375,139.956,4,0.751
262,Ice Black Sand,Reptar,2015-02-04,10,0.823,0.211,0.823,0.671,0.000331,0.617,-5.461,0.0305,117.993,4,0.908
263,Circulation,Hotel Mira,2015-04-10,0,0.522,0.0331,0.522,0.775,1.56e-05,0.17,-6.221,0.0365,127.193,4,0.704
264,"If I Don't Live Today, Then I Might Be Here Tomorrow",Mando Diao,2012-01-06,0,0.411,0.00038,0.411,0.925,0.0,0.321,-4.132,0.0622,121.436,4,0.779
265,Forever Alone,Kakkmaddafakka,2013-06-28,0,0.673,0.372,0.673,0.632,0.0,0.152,-7.13,0.0373,129.974,4,0.513
266,Jerk,Only Real,2015-03-15,0,0.652,0.222,0.652,0.83,6.54e-06,0.086,-3.762,0.0445,97.506,4,0.818
267,Punks And Potions,Only Real,2013-01-01,0,0.566,0.155,0.566,0.642,7.87e-05,0.335,-7.322,0.0269,94.984,4,0.261
268,Make It Right,The May Fire,2007-01-01,7,0.167,0.255,0.167,0.774,2.86e-05,0.339,-5.03,0.0434,203.766,4,0.522
269,Take It Easy (Love Nothing),Bright Eyes,2005-01-25,32,0.642,0.175,0.642,0.897,0.00222,0.13,-7.59,0.0821,130.01,4,0.573
270,All Hail Dracula!,Someone Still Loves You Boris Yeltsin,2010-08-17,13,0.384,0.069,0.384,0.829,2.82e-06,0.11,-6.55,0.0524,149.771,4,0.539
271,Elevator Operator,Courtney Barnett,2015-03-23,0,0.682,0.000766,0.682,0.769,0.00898,0.36,-7.197,0.0324,131.693,4,0.769
272,We Used to Vacation,Cold War Kids,2006,0,0.452,0.0104,0.452,0.759,0.0,0.165,-4.258,0.0544,101.949,4,0.374
273,Dreaming of You,The Coral,2002-07-22,0,0.441,0.374,0.441,0.684,0.000848,0.108,-7.495,0.031,199.001,4,0.971
274,Miracle Mile,Cold War Kids,2013-01-01,0,0.355,0.00664,0.355,0.867,0.554,0.323,-3.144,0.0738,142.849,4,0.295
275,In One Ear,Cage The Elephant,2008-01-01,34,0.323,0.000224,0.323,0.949,1.34e-06,0.365,-4.429,0.0565,166.375,4,0.385
276,Mount Hopeless,Melody's Echo Chamber,2012-09-25,0,0.445,0.0224,0.445,0.967,0.0452,0.281,-3.347,0.0446,90.611,4,0.405
277,"Some Time Alone, Alone",Melody's Echo Chamber,2012-09-25,0,0.444,0.00867,0.444,0.958,0.00652,0.323,-3.866,0.0485,108.478,4,0.551
278,Further On,Bronze Radio Return,2013-01-07,30,0.634,0.194,0.634,0.808,0.00753,0.149,-6.495,0.0331,130.136,4,0.9
279,Thinking About You,Radiohead,1993-04-23,0,0.364,0.704,0.364,0.37,7.71e-06,0.0883,-14.134,0.0331,103.44,4,0.421
280,Pobre Corazón,Los Bunkers,2002,26,0.296,0.00571,0.296,0.887,0.0,0.127,-3.65,0.0374,128.117,4,0.29
281,Las Cosas Que Cambié y Dejé For Ti,Los Bunkers,2002,32,0.555,0.0037,0.555,0.693,0.0,0.211,-6.718,0.0312,121.847,4,0.83
282,Red Eyes,The War On Drugs,2014-03-18,64,0.464,0.00871,0.464,0.815,0.201,0.162,-6.371,0.0368,161.845,4,0.467
283,Owen,Frankie Cosmos,2014-03-04,0,0.586,0.139,0.586,0.378,0.000355,0.155,-7.888,0.0277,136.17,4,0.37
284,Talking Backwards,Real Estate,2014-03-03,0,0.408,0.0299,0.408,0.875,0.823,0.169,-6.036,0.0301,150.782,4,0.56
285,Had To Hear,Real Estate,2014-03-03,0,0.556,0.135,0.556,0.765,0.732,0.149,-7.474,0.0319,125.72,4,0.499
286,Monsoon - Money Mark Casio Remix,Jack Johnson,2008-01-01,18,0.672,0.364,0.672,0.579,0.0013,0.0772,-6.592,0.0386,142.636,4,0.561
287,Mind Mischief,Tame Impala,2012-01-01,0,0.26,0.0728,0.26,0.938,0.0028,0.369,-3.17,0.0531,161.349,4,0.865
288,Weekend,Priory,2015-04-03,37,0.6,0.0696,0.6,0.817,0.0,0.133,-6.401,0.0642,151.95,4,0.652
289,Brimful of Asha,Cornershop,1997-08-18,2,0.829,0.388,0.829,0.831,0.0,0.0796,-6.304,0.0356,110.074,4,0.923
290,Pumped Up Kicks,Foster The People,2011-05-23,84,0.733,0.145,0.733,0.71,0.115,0.0956,-5.849,0.0292,127.975,4,0.965
291,Let It Rain,Carl Barat And The Jackals,2015-02-16,0,0.571,0.00527,0.571,0.525,0.00137,0.108,-7.917,0.0277,86.059,4,0.271
292,Picture Me in a Hospital,Babyshambles,2013-08-30,25,0.473,0.00784,0.473,0.838,2.83e-05,0.133,-4.553,0.0318,98.049,4,0.455
293,Farmer's Daughter,Babyshambles,2013-08-30,23,0.528,0.0393,0.528,0.495,0.000527,0.363,-5.556,0.0279,88.122,4,0.339
294,Penguins,Babyshambles,2013-08-30,15,0.24,0.0609,0.24,0.415,0.016,0.208,-5.467,0.0365,82.207,4,0.0505
295,The Last of the Famous International Playboys,Morrissey,1997-09-08,22,0.637,0.0337,0.637,0.673,4.99e-06,0.115,-11.744,0.027,104.332,4,0.787
296,The Delaney,The Libertines,2002-09-30,0,0.474,7.77e-05,0.474,0.731,0.0145,0.111,-5.46,0.0306,106.622,4,0.677
297,1997,Saint Motel,2012-07-10,40,0.345,0.0415,0.345,0.806,0.00776,0.0938,-5.857,0.0365,101.646,4,0.317
298,Kitty,boom boom kid,2001,0,0.51,0.0233,0.51,0.872,0.0,0.131,-3.653,0.0298,149.931,4,0.817
299,Masticar,Fun People,2003-07-25,0,0.505,0.00354,0.505,0.871,0.0,0.158,-4.94,0.0857,152.379,4,0.826
300,Vagabond,Various Artists,2009-07-10,0,0.471,0.41,0.471,0.739,0.291,0.401,-6.983,0.0751,100.594,4,0.354
301,Under Cover of Darkness,The Strokes,2011-03-21,67,0.35,0.00433,0.35,0.775,0.283,0.0676,-3.364,0.054,199.866,4,0.588
302,Machu Picchu,The Strokes,2011-03-21,62,0.695,0.0132,0.695,0.817,0.097,0.0601,-5.294,0.0659,105.014,4,0.874
303,Juicebox,The Strokes,2006-01-03,0,0.462,0.00166,0.462,0.981,0.00894,0.0856,-2.371,0.127,154.995,4,0.547
304,You Only Live Once,The Strokes,2006-01-03,0,0.63,0.0238,0.63,0.908,0.592,0.116,-2.42,0.0326,120.522,4,0.968
305,Razorblade,The Strokes,2006-01-03,0,0.394,0.00201,0.394,0.859,0.233,0.1,-3.851,0.0409,136.075,5,0.511
306,Gratisfaction,The Strokes,2011-03-21,52,0.644,0.0456,0.644,0.788,0.34,0.237,-5.039,0.0558,135.437,4,0.708
307,Your Life In France,Ceremony,2015-05-18,0,0.377,0.000133,0.377,0.745,0.788,0.103,-4.172,0.0323,169.179,4,0.201
308,Where Did All the Love Go?,Kasabian,2009,54,0.656,0.00877,0.656,0.833,0.0126,0.328,-5.13,0.0304,134.007,4,0.71
309,Our Velocity,Maximo Park,2007-04-01,52,0.535,0.031,0.535,0.92,1.43e-05,0.0493,-4.39,0.0535,95.987,4,0.587
310,10 AM,Left Boy,2014-02-14,40,0.744,0.0328,0.744,0.849,0.0,0.366,-4.446,0.12,110.062,4,0.828
311,Baby Bye Bye,"Kitty, Daisy & Lewis",2015-01-26,0,0.648,0.408,0.648,0.619,0.000793,0.182,-6.765,0.0258,87.383,4,0.683
312,Rock & Roll Queen,The Subways,2005-07-04,61,0.395,0.000316,0.395,0.764,0.00131,0.111,-6.258,0.0419,141.423,4,0.325
313,Bamboo,Hinds,2014-06-17,0,0.456,0.382,0.456,0.703,0.00395,0.112,-4.305,0.0324,101.287,4,0.589
314,Another You,Jacco Gardner,2015-05-04,0,0.581,0.188,0.581,0.813,0.0704,0.0956,-6.267,0.04,140.059,4,0.265
315,Cucurucu,Nick Mulvey,2014-05-09,0,0.339,0.177,0.339,0.616,4.49e-05,0.0825,-7.888,0.0761,97.021,4,0.445
316,Fred Astaire,San Cisco,2012,40,0.643,0.0338,0.643,0.676,0.0,0.0804,-6.091,0.0394,104.844,4,0.62
317,Ms,alt-J,2012-10-22,0,0.577,0.882,0.577,0.41,0.0136,0.0697,-11.392,0.0367,130.902,4,0.08
318,Typical Girls,The Slits,1979,44,0.488,2.43e-05,0.488,0.714,0.6,0.0672,-9.835,0.0432,157.604,4,0.726
319,Babies,Pulp,1994-04-18,0,0.299,0.113,0.299,0.818,2.46e-06,0.0827,-7.942,0.0649,156.193,4,0.604
320,Leader,Phantom Planet,2008-04-14,21,0.355,0.000481,0.355,0.913,0.0,0.112,-4.746,0.105,89.478,4,0.662
321,Do The Panic,Phantom Planet,2008-04-14,43,0.634,0.0122,0.634,0.797,2.67e-06,0.113,-5.13,0.0566,133.037,4,0.752
322,F.A.G.,Goons Of Doom,2009-10-26,0,0.646,0.382,0.646,0.863,0.0,0.607,-5.757,0.0746,158.064,4,0.513
323,L.S.F.,Kasabian,2004-01-30,57,0.613,0.00693,0.613,0.761,0.000151,0.27,-7.468,0.0343,105.274,4,0.443
324,...And Carrot Rope,Pavement,1999-06-08,0,0.546,0.169,0.546,0.338,1.39e-06,0.277,-10.659,0.0315,143.045,4,0.492
325,L.S.D,Skegss,2014-07-31,0,0.63,0.546,0.63,0.874,0.661,0.281,-4.183,0.0425,135.973,4,0.747
326,Mr Tembo,Damon Albarn,2014-04-22,44,0.744,0.182,0.744,0.555,0.0,0.666,-9.933,0.166,92.084,4,0.833
327,Lisztomania,Phoenix,2009-01-01,0,0.642,0.0383,0.642,0.808,0.00829,0.547,-6.406,0.0463,97.565,4,0.273
328,Take Off Your Sunglasses,Ezra Furman And The Harpoons,2008-10-07,0,0.484,3.61e-05,0.484,0.785,0.00359,0.179,-5.008,0.0297,132.931,4,0.788
329,Hung Up On A Dream - Mono Version,The Zombies,1968-04-19,35,0.329,0.268,0.329,0.685,0.327,0.0837,-5.105,0.0293,100.607,4,0.183
330,I Think I Like U 2 - Original version,Jamaica,2010-08-23,0,0.402,0.00877,0.402,0.873,3.32e-05,0.0845,-3.99,0.211,155.134,4,0.467
331,Shake,The Head And The Heart,2013-10-15,47,0.478,0.465,0.478,0.787,0.759,0.13,-8.004,0.0351,111.091,4,0.416
332,Warm Heart Of Africa,The Very Best,2009-09-07,0,0.84,0.00683,0.84,0.727,3.11e-06,0.283,-6.021,0.102,106.009,4,0.907
333,Fear,BOY,2015-08-21,0,0.604,0.0812,0.604,0.759,0.00292,0.0971,-8.908,0.0349,120.984,4,0.568
334,Hang Me Up To Dry,Cold War Kids,2006-01-01,0,0.508,0.0278,0.508,0.925,0.000968,0.396,-2.828,0.0312,92.454,4,0.641
335,Gronlandic Edit,of Montreal,2007-01-23,57,0.971,0.0833,0.971,0.4,0.000661,0.108,-7.154,0.0487,119.953,4,0.652
336,I Wish That I Could See You Soon,Herman Düne,2006-10-13,45,0.578,0.598,0.578,0.587,0.0,0.0965,-6.734,0.0818,157.43,4,0.911
337,At Last,The Dø,2008,0,0.75,0.242,0.75,0.427,2.81e-06,0.155,-7.599,0.0288,91.978,4,0.609
338,Más o Menos Bien,El Mató a un Policía Motorizado,2012-11-28,0,0.286,0.00378,0.286,0.562,0.576,0.117,-7.523,0.0307,106.879,4,0.295
339,New Slang,Luke Sital-Singh,2014-07-21,38,0.746,0.318,0.746,0.42,6.08e-05,0.152,-11.609,0.0307,125.0,3,0.78
340,I Was Born (A Unicorn),The Unicorns,2014-07-29,0,0.556,0.0117,0.556,0.511,8.28e-05,0.0316,-7.848,0.122,144.548,4,0.735
341,NEW DORP. NEW YORK,SBTRKT,2014-09-29,2,0.844,0.00174,0.844,0.438,0.00118,0.144,-10.564,0.264,119.008,4,0.548
342,Making Breakfast,Twin Peaks,2014-10-20,27,0.495,0.000267,0.495,0.782,0.736,0.54,-4.694,0.0315,116.114,4,0.451
343,Anna,Will Butler,2016-01-23,0,0.767,0.105,0.767,0.56,0.361,0.09,-8.833,0.125,166.532,4,0.65
344,Crackin' Up - Live / Remastered 2009,The Rolling Stones,1977-09-23,0,0.649,0.528,0.649,0.762,0.0446,0.566,-7.182,0.0882,105.264,4,0.96
345,Hey Sandy,Polaris,2002-01-01,40,0.594,0.0378,0.594,0.567,0.000354,0.0894,-9.363,0.0374,132.368,4,0.574
346,I Get Ideas,M. Ward,2012-04-09,0,0.192,0.0211,0.192,0.834,0.0,0.358,-5.08,0.0715,186.042,4,0.716
347,Masterpiece,Will And The People,2012-06-18,0,0.623,0.318,0.623,0.479,0.000218,0.0965,-9.774,0.0502,124.122,4,0.46
348,I Would Do It All Again,L'aupaire,2015-06-05,0,0.698,0.185,0.698,0.491,0.005,0.143,-6.669,0.0341,115.974,4,0.486
349,Jigsaw Puzzle,of Montreal,2014-06-13,18,0.46,0.00171,0.46,0.931,0.00164,0.0967,-3.395,0.0337,133.339,4,0.74
350,Bassem Sabry,of Montreal,2015-02-27,26,0.707,0.0106,0.707,0.891,0.0,0.0818,-5.471,0.0464,117.963,4,0.841
351,A Sentence Of Sorts In Kongsvinger,of Montreal,2007-01-23,38,0.683,0.301,0.683,0.822,0.00025,0.122,-4.771,0.152,119.999,4,0.562
352,Shelter Song,Temples,2014-02-10,0,0.491,0.000212,0.491,0.899,8.52e-05,0.167,-3.315,0.0373,126.061,4,0.537
353,Let's Get High,Edward Sharpe & The Magnetic Zeros,2013-01-01,30,0.373,0.325,0.373,0.748,0.00215,0.401,-6.631,0.0371,94.776,4,0.51
354,Burning for No One,The Cribs,2015-03-23,29,0.591,0.000371,0.591,0.642,3.41e-05,0.115,-5.398,0.0299,122.099,4,0.798
355,Processed Beats,Kasabian,2004-01-30,45,0.652,0.00119,0.652,0.743,0.0149,0.181,-8.903,0.0248,106.756,4,0.619
356,Something Makes You Feel Like (feat. Soko) [Radio Edit],Cornershop,2012-11-05,30,0.911,0.466,0.911,0.722,0.0116,0.209,-6.875,0.0288,109.984,4,0.986
357,Two Doors Down,Mystery Jets,2008-03-21,51,0.564,0.00912,0.564,0.965,0.0,0.0997,-3.17,0.0642,123.963,4,0.848
358,Cadillac Girl,Only Real,2015-03-15,0,0.565,0.376,0.565,0.86,0.000121,0.119,-5.449,0.0285,95.019,4,0.792
359,All I Wanna Do,Splashh,2013-06-04,0,0.351,2.33e-06,0.351,0.814,0.327,0.447,-5.984,0.0451,134.109,4,0.369
360,Got To Hang On To You,Sweet Baboo,2015-06-17,0,0.551,0.667,0.551,0.561,2.39e-06,0.284,-8.504,0.0469,125.636,4,0.682
361,Nearest Thing to Hip,The Waterboys,2015-01-19,0,0.57,0.0638,0.57,0.425,0.0022,0.145,-13.504,0.0637,74.815,4,0.643
362,Scorpio Rising,Death In Vegas,2003,39,0.367,0.00272,0.367,0.794,0.0,0.0829,-5.59,0.028,166.075,4,0.577
363,"Lloyd, I'm Ready to Be Heartbroken",Camera Obscura,2006-06-06,0,0.325,0.00837,0.325,0.858,0.127,0.158,-3.7,0.0497,143.37,4,0.459
364,Sheepdog,Mando Diao,2002-09-23,37,0.228,0.0156,0.228,0.91,3.9e-05,0.165,-4.818,0.0633,151.588,4,0.581
365,My Thin Sides,Army Navy,2008-10-14,0,0.422,0.00465,0.422,0.941,0.000133,0.0951,-3.585,0.181,115.423,4,0.262
366,Saints,Army Navy,2008-10-14,0,0.324,0.000715,0.324,0.966,0.102,0.193,-3.0,0.0646,150.722,4,0.364
367,Golden Pony,Army Navy,2008-10-14,0,0.463,0.0206,0.463,0.668,0.0505,0.0815,-7.176,0.0384,132.789,4,0.143
368,Right Back Where We Started From (Bonus Track),Army Navy,2008-10-14,0,0.448,0.00455,0.448,0.902,0.0,0.0298,-3.426,0.0517,150.284,4,0.836
369,Slight of Hand,Army Navy,2008-10-14,0,0.526,0.0126,0.526,0.903,0.000358,0.226,-3.874,0.0608,118.667,4,0.411
370,Valerie,The Zutons,2006,53,0.342,0.019,0.342,0.873,2.2e-05,0.164,-3.152,0.0414,168.74,4,0.85
371,In the Morning,The Coral,2010-08-30,26,0.646,0.0201,0.646,0.809,0.0,0.0536,-5.314,0.0284,126.281,4,0.966
372,Pass It On,The Coral,2003-07-28,53,0.395,0.282,0.395,0.727,7.12e-06,0.0683,-6.015,0.0375,179.097,4,0.872
373,I Predict A Riot,Kaiser Chiefs,2005,62,0.395,0.0243,0.395,0.979,0.0,0.12,-3.241,0.0766,158.842,4,0.41
374,Modern Way,Kaiser Chiefs,2012-05-11,28,0.524,0.0255,0.524,0.789,1.34e-05,0.0998,-3.847,0.0397,147.599,4,0.238
375,Fuck Forever,Babyshambles,2005-11-14,1,0.327,0.0109,0.327,0.904,0.000371,0.292,-3.3,0.0613,113.138,4,0.439
376,Carry on up the Morning,Babyshambles,2007-08-27,36,0.438,0.00161,0.438,0.811,9.2e-05,0.427,-4.152,0.0312,106.866,4,0.544
377,A.M. 180,Grandaddy,1997-10-21,51,0.296,0.00059,0.296,0.432,0.899,0.237,-8.677,0.0316,88.13,4,0.216
378,Freaking Out The Neighborhood,Mac DeMarco,2013-08-09,53,0.573,0.061,0.573,0.819,0.029,0.386,-5.735,0.0866,143.263,4,0.832
379,Lake Michigan,Rogue Wave,2007-01-01,0,0.457,0.192,0.457,0.817,1.64e-06,0.0982,-5.653,0.0368,80.901,3,0.772
380,Rain,Bishop Allen,2007-07-24,33,0.621,0.214,0.621,0.889,4.2e-05,0.118,-5.595,0.0528,168.032,4,0.808
381,Sly - International,The Cat Empire,2007-06-25,0,0.516,0.0119,0.516,0.788,0.0,0.341,-4.492,0.0841,169.349,4,0.751
382,Waves,Electric Guest,2012-04-20,0,0.769,0.0254,0.769,0.833,6.35e-05,0.0974,-4.651,0.0369,120.018,4,0.863
383,Lights Out,Santigold,2008-04-29,43,0.76,0.293,0.76,0.83,0.299,0.0475,-5.709,0.0451,134.931,4,0.945
384,Still Young,The Cat Empire,2013-05-17,51,0.613,0.00727,0.613,0.762,0.0,0.188,-4.679,0.0359,149.225,4,0.743
385,Orange Juice,Stanley Brinks and The Wave Pictures,2014-01-20,42,0.733,0.241,0.733,0.721,8.61e-05,0.133,-5.117,0.0629,117.05,4,0.797
386,I Think We're Alone Now,Tommy James & The Shondells,1989,29,0.78,0.2,0.78,0.437,0.000174,0.0679,-10.277,0.0606,131.225,4,0.82
387,Disco Dancing,Sean Nicholas Savage,2010-11-09,0,0.696,0.0849,0.696,0.621,1.02e-06,0.0929,-9.184,0.0574,90.077,4,0.809
388,La Breeze - Radio Edit,Simian,2003-01-01,15,0.569,0.0243,0.569,0.777,0.000395,0.16,-3.846,0.0302,173.873,4,0.495
389,Surfing on a Rocket,Air,2004-01-26,46,0.505,0.00076,0.505,0.755,0.0725,0.348,-7.568,0.0315,157.993,4,0.532
390,Dare I Care,The Voidz,2014-09-23,0,0.312,0.0232,0.312,0.929,0.0893,0.203,-5.264,0.113,104.666,4,0.335
391,On Melancholy Hill,Gorillaz,2010-03-03,76,0.689,1.51e-05,0.689,0.739,0.509,0.064,-5.81,0.026,120.423,4,0.578
392,Chicago,Sufjan Stevens,2005-01-01,0,0.561,0.568,0.561,0.448,0.0,0.0888,-9.679,0.0303,125.082,4,0.479
393,Alone Again Or,Calexico,2003,8,0.512,0.198,0.512,0.503,0.000369,0.0813,-17.77,0.0438,88.482,4,0.372
394,Fantastic Cat,Takako Minekawa,1997,33,0.781,0.175,0.781,0.684,0.105,0.116,-10.282,0.0402,131.255,4,0.978
395,My Old Ways,Dr. Dog,2007-01-01,8,0.57,0.507,0.57,0.705,4.54e-06,0.45,-6.197,0.0297,126.85,4,0.407
396,Always Alright,Alabama Shakes,2013-12-12,0,0.693,0.784,0.693,0.62,0.844,0.112,-6.509,0.0424,106.346,4,0.571
397,Now I Live,The Beets,2011-10-24,0,0.353,0.0757,0.353,0.555,0.000193,0.234,-15.466,0.0399,132.445,4,0.792
398,Carry On,fun.,2012-02-21,61,0.388,0.118,0.388,0.694,0.000293,0.082,-5.769,0.0735,145.434,5,0.365
399,A Minha Menina,The Bees,2002,0,0.53,0.806,0.53,0.809,0.0122,0.215,-8.222,0.0514,98.88,4,0.804
400,Dead Sea,The Lumineers,2012-01-01,0,0.712,0.807,0.712,0.321,4.65e-06,0.207,-11.068,0.0282,94.044,4,0.482
401,Run With the Boys,Carl Barât,2010,0,0.381,0.00218,0.381,0.811,1.65e-06,0.153,-5.974,0.0611,186.793,4,0.703
402,Black Hole,She & Him,2008-03-18,28,0.673,0.805,0.673,0.513,2.12e-06,0.191,-7.705,0.0412,129.231,4,0.482
403,Young Folks,Peter Bjorn and John,2006-01-01,71,0.699,0.0164,0.699,0.812,0.000763,0.105,-6.005,0.0377,138.185,4,0.662
404,Tear in My Heart,Twenty One Pilots,2015-05-15,75,0.655,0.0189,0.655,0.632,0.0,0.0722,-4.802,0.0489,120.113,4,0.447
405,We Are Going To Be Friends (Live),The White Stripes,2010-03-15,0,0.481,0.564,0.481,0.581,0.0,0.955,-10.941,0.0481,102.67,4,0.398
406,I Would Do It All Again,L'aupaire,2016-03-11,37,0.707,0.191,0.707,0.466,0.00538,0.151,-7.482,0.0333,115.996,4,0.482
407,Stolen Dance - Spotify Sessions,Milky Chance,2014-10-13,40,0.758,0.556,0.758,0.451,0.00011,0.658,-11.285,0.0403,113.994,4,0.426
408,Mr. Brightside,The Killers,2004-06-15,68,0.355,0.00119,0.355,0.918,0.0,0.0971,-4.36,0.0746,148.114,4,0.24
409,12:51,The Strokes,2003-10-28,61,0.451,0.312,0.451,0.889,0.8,0.558,-3.838,0.0379,145.056,4,0.592
410,Go,The Apples In Stereo,2000,20,0.524,0.151,0.524,0.929,0.0291,0.311,-1.29,0.034,113.445,4,0.658
411,Psyche's Dagger,Fly Golden Eagle,2011-11-25,40,0.348,0.00273,0.348,0.882,1.68e-05,0.422,-3.766,0.0649,165.845,4,0.64
412,Girlfriend in a Coma - 2011 Remaster,The Smiths,1987-09-28,56,0.68,0.126,0.68,0.626,1.3e-06,0.0995,-8.519,0.0255,104.333,4,0.96
413,Everyday I Love You Less And Less,Kaiser Chiefs,2012-05-11,39,0.49,0.00855,0.49,0.955,0.0,0.281,-3.339,0.0603,160.051,4,0.502
414,Wonderful Christmastime,Various Artists,2012-01-01,0,0.633,0.00957,0.633,0.693,0.0,0.114,-5.428,0.0296,140.081,4,0.935
415,Aguardiente,Los Vinagres,2015-10-16,20,0.355,6.52e-05,0.355,0.716,0.0345,0.219,-7.401,0.0715,194.806,4,0.783
416,What You Know,Two Door Cinema Club,2010-02-07,18,0.55,0.000665,0.55,0.753,7.74e-06,0.0921,-4.003,0.0407,139.048,4,0.841
417,Something Good Can Work,Two Door Cinema Club,2010-02-07,1,0.651,0.00563,0.651,0.841,0.00116,0.19,-5.099,0.0335,119.939,4,0.661
418,The Underdog,Spoon,2007-07-10,0,0.693,0.0602,0.693,0.646,0.00132,0.678,-6.484,0.0313,145.116,4,0.89
419,Way Too Much,Wavves,2015-06-24,0,0.545,0.0158,0.545,0.874,0.0,0.325,-5.581,0.064,82.033,4,0.639
420,Blood On My Hands,The King Blues,2008,0,0.353,0.0387,0.353,0.825,0.0,0.67,-5.21,0.097,93.397,4,0.78
421,We Ain't Never Done,The King Blues,2008,0,0.504,0.179,0.504,0.77,0.0,0.606,-5.079,0.0348,95.786,4,0.746
422,The Bullingdon Boys,The King Blues,2017-01-27,2,0.445,0.0644,0.445,0.895,0.0,0.123,-7.372,0.249,188.056,4,0.481
423,We Are Young (feat. Janelle Monáe),fun.,2012-02-21,73,0.378,0.02,0.378,0.638,7.66e-05,0.0849,-5.576,0.075,184.086,4,0.735
424,Some Nights,fun.,2012-02-21,71,0.672,0.0178,0.672,0.738,6.75e-05,0.0927,-7.045,0.0506,107.938,4,0.392
425,Everybody Talks,Neon Trees,2012-01-01,81,0.471,0.00301,0.471,0.924,0.0,0.313,-3.906,0.0586,154.961,4,0.725
426,No Me Acuerdo de Nada,Meteoros,2015-11-06,30,0.6,0.0982,0.6,0.933,0.00041,0.119,-3.172,0.0474,79.983,4,0.605
427,Bamboo,Hinds,2015-08-28,29,0.456,0.382,0.456,0.703,0.00395,0.112,-4.305,0.0324,101.287,4,0.589
428,Garden,Hinds,2016-01-08,30,0.172,0.000888,0.172,0.675,0.274,0.0885,-3.608,0.034,181.129,4,0.536
429,Brand New Start,Little Joy,2008-11-04,0,0.58,0.736,0.58,0.625,0.737,0.156,-8.323,0.0327,120.41,4,0.786
430,Selfish Jean,Travis,2007-03-23,0,0.336,0.000379,0.336,0.963,7.52e-06,0.22,-4.395,0.105,182.891,4,0.364
431,Kaputt,Destroyer,2011-01-25,0,0.642,0.0777,0.642,0.721,0.142,0.185,-8.926,0.0341,109.992,4,0.581
432,Pedestrian at Best,Courtney Barnett,2015-03-23,0,0.479,4.61e-06,0.479,0.854,5.72e-05,0.372,-6.101,0.0405,136.067,4,0.535
433,Complicated,Campodónico,2016-09-09,2,0.343,0.0408,0.343,0.911,2.93e-06,0.0681,-6.353,0.108,175.158,4,0.542
434,Tony Stark,The Symposium,2014-10-31,45,0.729,0.0343,0.729,0.342,0.834,0.116,-15.138,0.301,175.922,4,0.72
435,Dull Boy,The Growlers,2015-01-19,0,0.62,0.00106,0.62,0.678,0.00853,0.0716,-8.364,0.0251,104.954,4,0.807
436,Everywhere,Fleetwood Mac,1987-04-13,0,0.69,0.218,0.69,0.54,0.00657,0.115,-10.516,0.0317,114.846,4,0.764
437,I'm Flying Away,The Dead Milkmen,1995,13,0.789,0.0234,0.789,0.545,8.11e-05,0.303,-14.192,0.0504,107.62,4,0.963
438,Cell Mates,Mariachi El Bronx,2009-08-17,0,0.314,0.451,0.314,0.875,0.00763,0.262,-5.258,0.0549,165.676,3,0.914
439,Wake Up,Arcade Fire,2004-06-16,65,0.252,0.12,0.252,0.8,0.0538,0.118,-4.845,0.0368,139.361,4,0.29
440,First,Cold War Kids,2015-03-09,57,0.464,0.0225,0.464,0.714,1.62e-06,0.447,-3.969,0.0303,77.996,4,0.58
441,Harness Your Hopes,Pavement,1997,0,0.601,0.276,0.601,0.576,0.028,0.12,-7.79,0.0394,107.88,4,0.559
442,Floating Vibes,Surfer Blood,2010-01-19,0,0.521,0.176,0.521,0.702,0.00961,0.374,-4.903,0.0306,126.881,4,0.469
443,Cannonball,The Breeders,1993-08-30,11,0.502,0.00915,0.502,0.758,0.783,0.284,-9.76,0.0407,112.508,4,0.729
444,Rollercoaster,Bleachers,2014-07-14,66,0.421,0.00205,0.421,0.79,0.000309,0.148,-6.227,0.0538,162.024,4,0.279
445,Someday,The Strokes,2001-08-27,28,0.543,0.0033,0.543,0.531,1.51e-06,0.326,-7.481,0.0301,105.979,4,0.671
446,1901,Phoenix,2009,64,0.607,0.0588,0.607,0.835,4.71e-05,0.195,-5.427,0.0415,144.087,4,0.719
447,Unbelievers,Vampire Weekend,2013-05-27,9,0.644,0.142,0.644,0.811,0.000629,0.169,-7.681,0.0499,154.903,4,0.831
448,One of Us,New Politics,2017-03-10,39,0.503,0.216,0.503,0.908,0.0,0.366,-3.681,0.0598,200.147,4,0.857
449,This Charming Man,Death Cab for Cutie,2002,0,0.506,0.00785,0.506,0.915,0.0,0.11,-6.03,0.0473,112.792,4,0.963
450,Airstream Driver,Gomez,2009-01-01,19,0.618,0.131,0.618,0.711,0.079,0.173,-5.819,0.0289,95.025,4,0.648
451,Molly's Chambers,Kings of Leon,2003-08-19,0,0.596,0.232,0.596,0.899,3.98e-06,0.212,-3.967,0.0504,146.448,4,0.939
452,Ugly Cherries,PWR BTTM,2015-09-18,35,0.191,0.0505,0.191,0.904,0.0,0.414,-5.146,0.0905,150.174,4,0.336
453,Silly,PWR BTTM,2017-05-12,0,0.213,0.0222,0.213,0.875,0.00514,0.0844,-5.233,0.0739,144.143,4,0.175
454,I Wanna Boi,PWR BTTM,2015-09-18,54,0.371,0.431,0.371,0.42,0.0,0.0597,-6.224,0.0513,83.452,3,0.564
455,Silver Lining,Rilo Kiley,2007-08-20,54,0.709,0.289,0.709,0.53,4.54e-05,0.0929,-4.985,0.0288,117.11,4,0.692
456,Portions for Foxes,Rilo Kiley,2004-07-27,53,0.474,0.000938,0.474,0.807,0.0121,0.154,-3.635,0.035,138.913,4,0.302
457,Serving Goffman,PWR BTTM,2015-09-18,24,0.496,0.353,0.496,0.84,0.0,0.319,-5.718,0.205,140.39,4,0.415
458,Nu 1,PWR BTTM,2015-09-18,25,0.441,0.288,0.441,0.57,0.0,0.0948,-7.755,0.0737,146.473,4,0.158
459,New Direction,Black Lips,2011-06-07,0,0.419,0.00673,0.419,0.949,0.0,0.301,-4.253,0.0753,183.979,4,0.868
460,You! Me! Dancing!,Los Campesinos!,2008-04-01,24,0.423,0.0304,0.423,0.948,0.000711,0.102,-3.907,0.0911,165.044,4,0.327
461,Welcome to Your Life,Grouplove,2017-08-17,52,0.511,0.00223,0.511,0.617,0.0,0.201,-5.883,0.0313,90.951,4,0.404
462,Do You Love Someone,Grouplove,2017-08-17,44,0.521,0.000785,0.521,0.879,0.0,0.666,-4.255,0.0566,129.056,4,0.714
463,Shark Attack,Grouplove,2013-09-17,46,0.449,0.000264,0.449,0.635,4.65e-05,0.332,-7.557,0.0397,166.04,4,0.273
464,Hollywood,Grouplove,2017-08-17,35,0.546,0.289,0.546,0.426,0.0,0.0866,-6.713,0.032,144.697,4,0.336
465,Last Train to London,Electric Light Orchestra,1979-05-31,68,0.727,0.396,0.727,0.537,0.000789,0.349,-9.785,0.0295,121.493,4,0.954
466,Left Hand Free,alt-J,2014-09-22,1,0.698,0.452,0.698,0.876,0.0133,0.0824,-4.45,0.0486,101.992,4,0.81
467,Mary-Jane,My Name Is George,2008-08-04,0,0.466,0.000345,0.466,0.889,0.00155,0.122,-4.933,0.0312,103.597,4,0.679
468,I Want You To Want Me,Various Artists,2009-01-01,33,0.296,0.0254,0.296,0.936,0.000299,0.405,-4.023,0.108,168.982,4,0.167
469,Nobody Cares,Superorganism,2017-05-24,21,0.525,0.0877,0.525,0.676,0.000122,0.7,-4.741,0.116,89.018,4,0.442
470,The Next Time Around,Little Joy,2008,38,0.754,0.788,0.754,0.612,0.0342,0.136,-7.773,0.0313,120.039,4,0.967
471,Last of The Dreamers,The King Blues,2011-04-18,0,0.524,0.00266,0.524,0.666,0.0,0.515,-4.021,0.0323,90.114,4,0.141
472,Pick a Trick,In Flagranti,2009-04-21,31,0.837,0.00376,0.837,0.822,0.301,0.0822,-8.036,0.0866,91.94,4,0.92
473,Life Is Confusing,Langhorne Slim,2017-11-10,44,0.373,0.955,0.373,0.216,0.00105,0.0739,-11.41,0.0326,129.03,4,0.496
474,Sober Up (Feat. Rivers Cuomo),AJR,2017-06-09,0,0.649,0.271,0.649,0.564,0.0,0.0862,-6.775,0.0278,93.022,4,0.798
475,All The Stars (with SZA),Kendrick Lamar,2018-01-04,61,0.705,0.0287,0.705,0.628,0.0193,0.0863,-5.362,0.0489,96.799,4,0.465
476,It’s All Good,Superorganism,2018-03-02,39,0.717,0.0387,0.717,0.69,9.89e-05,0.253,-6.272,0.212,110.026,4,0.586
477,Nobody Cares,Superorganism,2018-03-02,39,0.525,0.0877,0.525,0.676,0.000122,0.7,-4.741,0.116,89.018,4,0.442
478,Something For Your M.I.N.D.,Superorganism,2018-03-02,62,0.698,0.132,0.698,0.542,0.00117,0.199,-4.317,0.131,140.096,4,0.664
479,Everybody Wants To Be Famous,Superorganism,2018-03-02,51,0.665,0.0235,0.665,0.842,0.0,0.0763,-4.06,0.255,86.993,4,0.629
480,Coming Back Around,Tayla,2017-06-16,11,0.779,0.333,0.779,0.765,1.93e-05,0.137,-2.88,0.0755,92.041,4,0.538
481,Shuggie,Foxygen,2013-01-22,61,0.467,0.101,0.467,0.645,0.00524,0.144,-7.614,0.0364,127.947,3,0.71
482,The Yeah Yeah Yeah Song,The Flaming Lips,2006-03-31,39,0.636,0.00257,0.636,0.887,5.18e-05,0.293,-4.354,0.0475,107.984,4,0.35
483,Mile End,Pulp,1995-10-30,0,0.605,0.141,0.605,0.775,0.000472,0.0918,-8.909,0.0412,98.361,4,0.406
484,I'm All Wrong,Juan Wauters,2015-05-12,33,0.654,0.842,0.654,0.431,5.98e-05,0.102,-8.086,0.0275,126.293,4,0.748
485,Leave It In My Dreams,The Voidz,2018-03-30,59,0.6,0.0226,0.6,0.746,0.0119,0.109,-4.696,0.0355,118.551,4,0.614
486,Beat the Horse,Pomplamoose,2009-03-11,12,0.713,0.0405,0.713,0.406,9.14e-06,0.0335,-7.892,0.0295,104.002,4,0.834
487,Solara,The Smashing Pumpkins,2018-06-08,14,0.543,0.000201,0.543,0.872,0.16,0.113,-3.035,0.0685,123.447,4,0.363
488,We've Been Had,The Walkmen,2002,25,0.43,0.803,0.43,0.573,0.000276,0.131,-7.474,0.0314,98.346,4,0.454
489,Turn,The Wombats,2018-02-09,61,0.531,0.00743,0.531,0.847,0.0,0.0916,-3.907,0.0529,105.03,4,0.38
490,Cheetah Tongue,The Wombats,2018-02-09,55,0.533,0.0426,0.533,0.967,0.000432,0.132,-3.066,0.057,95.008,4,0.603
491,Heart Of The Matter,The Libertines,2015-09-11,24,0.459,0.348,0.459,0.904,0.0,0.278,-4.759,0.0817,180.048,4,0.642
492,Another Level,Crystal Fighters,2018-09-20,39,0.613,0.00768,0.613,0.813,0.0,0.708,-7.275,0.095,96.03,4,0.814
493,Ready To Win,Tokyo Police Club,2018-10-05,0,0.653,0.0624,0.653,0.639,9.03e-05,0.077,-7.524,0.0386,157.233,4,0.774
494,Louder Than Bombs,The Parlotones,2010-06-04,0,0.337,0.00104,0.337,0.799,0.0,0.1,-5.271,0.0673,167.855,4,0.235
495,The Golden Age,The Asteroids Galaxy Tour,2014-09-12,0,0.558,0.0202,0.558,0.906,2.18e-05,0.12,-2.866,0.0464,169.955,4,0.697
496,Around the Bend,The Asteroids Galaxy Tour,2008-11-03,44,0.704,0.11,0.704,0.907,0.00982,0.334,-6.408,0.0373,95.023,4,0.712
497,The Sun Ain't Shining No More,The Asteroids Galaxy Tour,2009-03-16,31,0.56,0.517,0.56,0.948,5.04e-06,0.103,-3.182,0.0961,118.97,4,0.613
498,Tin Pan Boy,Selena Gomez,2018-05-18,35,0.386,1.92e-05,0.386,0.749,6.98e-06,0.334,-6.734,0.115,184.092,4,0.517
499,Almost Had to Start a Fight/In and Out of Patience,Parquet Courts,2018-05-18,1,0.412,0.106,0.412,0.938,1.58e-05,0.857,-2.77,0.175,92.628,4,0.821
500,Kila,The Cat Empire,2018-10-01,26,0.594,0.00705,0.594,0.851,1.69e-05,0.388,-4.753,0.033,116.058,4,0.827
501,Found You,Django Django,2015-05-01,0,0.575,2.03e-05,0.575,0.716,0.00234,0.0819,-5.298,0.0254,93.287,4,0.429
502,Vibrations,Montero,2018-02-02,30,0.462,0.000325,0.462,0.631,0.00183,0.0487,-5.633,0.0273,141.938,4,0.31
503,Fade to Black,Born Ruffians,2018-02-16,0,0.31,0.000625,0.31,0.854,0.532,0.103,-3.89,0.0599,185.224,4,0.421
504,Bodys,Car Seat Headrest,2018-02-16,5,0.518,0.00135,0.518,0.842,0.0115,0.132,-7.361,0.0533,143.944,4,0.249
505,Boy,The Asteroids Galaxy Tour,2019-03-01,18,0.808,0.218,0.808,0.645,0.0207,0.115,-6.176,0.097,103.999,4,0.745
506,Casual Acquaintances,The Growlers,2018-07-27,35,0.532,0.0801,0.532,0.819,1.87e-05,0.265,-3.981,0.0604,170.048,4,0.566
507,"Holland, 1945",Neutral Milk Hotel,1998-02-20,56,0.0621,0.0399,0.0621,0.887,0.000156,0.619,-4.305,0.0632,198.441,4,0.48
508,The Killing Moon,Echo & the Bunnymen,1984-05-04,61,0.568,0.218,0.568,0.829,0.00418,0.0976,-7.066,0.0303,124.201,4,0.79
509,Comeback Kid,New Politics,2019-04-19,45,0.699,0.0213,0.699,0.9,2.79e-05,0.0668,-3.551,0.0421,104.002,4,0.765
510,Lemonade (2000),Tsunami Bomb,2016-02-12,32,0.371,0.0823,0.371,0.635,3.64e-06,0.0956,-5.064,0.0444,175.89,4,0.789
511,Oh Mandy,The Spinto Band,2005-01-01,40,0.509,0.0521,0.509,0.955,0.00021,0.105,-3.918,0.0396,137.063,4,0.557
512,Lisztomania,Phoenix,2009,66,0.635,0.0349,0.635,0.786,0.00767,0.497,-6.46,0.0377,97.54,4,0.305
513,Like Eating Glass,Bloc Party,2005-02-02,0,0.398,0.000409,0.398,0.981,0.000281,0.129,-4.855,0.165,160.225,4,0.226
514,Banquet,Bloc Party,2005-02-02,1,0.576,0.00013,0.576,0.935,0.017,0.0828,-4.911,0.051,150.227,4,0.875
515,Tungs,The Frights,2016-02-12,62,0.565,0.0697,0.565,0.618,6.37e-05,0.509,-11.316,0.104,106.337,4,0.5
516,Dancing Anymore,IS TROPICAL,2013-05-20,0,0.561,0.000425,0.561,0.724,0.493,0.121,-6.59,0.0274,127.014,4,0.386
517,Things You Should Be Knowing,The Cribs,2004,0,0.362,0.00368,0.362,0.934,0.0173,0.108,-4.71,0.0434,111.644,4,0.785
518,Trouble,Grapetooth,2018-11-09,39,0.621,0.0535,0.621,0.922,7.42e-06,0.151,-2.872,0.0525,99.999,4,0.913
519,The Sporting Life,The Decemberists,2005-03-22,39,0.653,0.114,0.653,0.811,0.00132,0.109,-6.609,0.0635,106.194,4,0.873
520,Ragged Wood,Fleet Foxes,2008-06-09,48,0.362,0.0995,0.362,0.658,0.0102,0.0602,-5.929,0.0292,104.21,4,0.155
521,San Francisco,Foxygen,2013-01-22,54,0.623,0.245,0.623,0.65,0.000913,0.146,-7.953,0.0274,116.74,4,0.879
522,Hell Is Other People,Miniature Tigers,2020-10-07,28,0.256,0.206,0.256,0.565,0.00254,0.245,-5.956,0.0354,76.01,4,0.378
523,White Magic,Miniature Tigers,2008-03-04,15,0.5,0.466,0.5,0.543,0.0,0.0754,-7.965,0.0266,90.107,4,0.451
524,Black Magic,Miniature Tigers,2008-03-04,11,0.344,0.116,0.344,0.693,0.0,0.279,-3.981,0.0835,133.049,4,0.513
525,The Start Of Something,Voxtrot,2005-01-01,55,0.632,0.179,0.632,0.733,1.04e-05,0.0988,-6.924,0.0293,107.056,4,0.707
526,A-Punk,Vampire Weekend,2008-01-27,23,0.551,0.0102,0.551,0.821,0.0438,0.153,-4.489,0.0539,174.923,4,0.842
527,Myriad Harbour,The New Pornographers,2007-08-20,40,0.684,0.212,0.684,0.799,4.32e-05,0.0671,-6.097,0.0324,107.525,4,0.851
528,"14,000 Things to Be Happy About",Troubled Hubble,2015-07-24,6,0.369,1.6e-05,0.369,0.945,0.868,0.315,-5.159,0.066,144.974,4,0.483
529,I Love My Canoe,Troubled Hubble,2015-07-24,5,0.424,0.0159,0.424,0.797,0.0,0.108,-7.182,0.115,120.806,4,0.559
530,I'm Pretty Sure I Can See Molecules,Troubled Hubble,2015-07-24,4,0.5,0.000493,0.5,0.992,0.0334,0.295,-3.413,0.117,112.282,4,0.6
531,To Be Alive and Alone,Troubled Hubble,2015-07-24,3,0.458,0.000236,0.458,0.935,0.00974,0.106,-6.563,0.0487,138.087,4,0.684
532,Paint Me Silver,Pond,2018-01-10,51,0.355,0.00533,0.355,0.821,0.00304,0.216,-6.134,0.049,177.427,4,0.702
533,Locket,Crumb,2017-06-23,68,0.393,0.758,0.393,0.481,0.73,0.0869,-10.462,0.0273,98.462,4,0.0763
